Project;ncommits;nauthors;from;to;nstars;nforks;lastGHCommitDate;LongestGapStart;LongestGapEnd;LongestGapLength;NumCommitsAfterLastGap;ActivityPattern;NumberOfGapsInTimeline;BeforeThemes;AfterThemes;HypothesizedGapReason;HasRecovered;WhyRecovered;WhoRecovered;Currentstatus;RecentThemes;Notes
aidenlab_juicer;510;44;2015-12-24 18:59:23;2025-09-24 16:22:25;490;192;2025-08-31;2023-03;2024-01;11;30;irregular;5;Bug fixes:Documentation updates;Feature development:Bug fixes;"Possible maintenance slowdown or shift in development priorities; README noted some systems were no longer actively maintained.";Yes;Development resumed with Docker support, bwa-mem2 integration, and bug fixes.;Different contributors in the sampled commits, including David Weisz and Emerson Jacobson.;Active;Other:Documentation updates;The project had an 11-month inactivity gap and 5 extended gaps. Afterward, contributors added containerization and alignment improvements. The sampled post-gap authors differ from those immediately before the gap.
f-fathurrahman_pwdft.jl;2112;7;2018-02-19 03:45:59;2025-08-21 11:09:22;122;23;2026-09-17;2025-05;2025-07;3;12;declining;1;Feature development:Other;Feature development:Bug fixes;"Reason unclear; possibly a temporary pause in individual development.";Yes;The developer resumed solver implementation and bug fixes.;Fadjar Fathurrahman, the same contributor as before the gap.;Active;Other:Bug fixes;The project experienced a 3-month inactivity gap. Development resumed with fixes and new numerical solver functionality. The same author contributed before and after the gap.
icrar_shark;1595;30;2017-04-20 04:44:19;2025-07-08 04:15:11;33;16;2026-09-09;2021-04;2021-09;6;294;declining;2;Feature development:Bug fixes;Feature development:Bug fixes;"Reason unclear; possibly a pause between research and development phases.";Yes;Development resumed with galaxy-model changes and new analysis scripts.;Claudia Lagos and Rodrigo Tobar returned in the sampled commits.;Active;Feature development:Other;The project had a 6-month inactivity gap. Subsequent commits introduced research analysis scripts and model improvements. Two contributors appeared on both sides of the gap.
mathlab_pydmd;1130;52;2017-06-12 12:33:47;2023-11-16 18:43:11;128;11;2025-02-04;2019-01;2019-02;2;940;rising;0;Bug fixes:Documentation updates;Feature development:Documentation updates;"Possibly a short transition between development contributions; no confirmed cause.";Yes;New contributors implemented optimal DMD functionality and tutorials.;Vahid S. Bokharaie and a contributor using loiseau.jc@gmail.com appeared after the gap.;Inactive;Other:Bug fixes;The longest gap lasted only 2 months, with no gaps of 3 months or more. Development resumed with new DMD implementations and tutorials. The sampled contributors changed across the gap.
nenadmarkus_wlrn;322;10;2016-02-15 16:50:39;2025-07-20 13:49:52;28;8;2025-07-20;2019-06;2022-04;35;217;irregular;6;Feature development:Dependency updates;Feature development:Other;Possibly a prolonged pause before renewed work on PyTorch and dataset support.;Yes;Development resumed with older code, KITTI dataset loading, and cleanup.;Nenad Markus appears to have returned under a different email address.;Active;Other:Feature development;The project had a 35-month inactivity gap and 6 extended gaps. Work resumed with dataset loaders and code cleanup. Different author emails appear to represent the same developer.
nuest_o2r-project.github.io;670;30;2016-01-19 16:18:32;2025-04-23 11:08:15;1;2;2025-04-23;2023-10;2025-03;18;3;declining;2;Documentation updates:Other;Documentation updates:Feature development;"Possibly reduced project activity or fewer website updates; exact cause unconfirmed.";Yes;The website received navigation improvements and restored project content.;Daniel Nüst contributed the sampled post-gap commits.;Active;Other:Feature development;The website had an 18-month inactivity gap. Only 3 commits followed, focusing on website content and navigation. This indicates limited resumed activity rather than sustained recovery.
qiboteam_qibojit;1304;26;2021-04-16 11:23:47;2025-11-06 06:07:04;18;4;2026-09-01;2025-07;2025-07;1;100;irregular;0;Dependency updates:Feature development;Feature development:Automated bot contributions;"Brief development pause; no evidence of a major interruption.";Yes;Work resumed on GPU-related refactoring, tests, and dependency updates.;Renato Mello returned, alongside automated pre-commit contributions.;Active;Other:Bug fixes;The longest gap lasted only 1 month, with no extended gaps. Development continued with GPU refactoring and maintenance. Both human and automated contributions appeared afterward.
rednaga_apkid;1068;76;2016-06-25 01:07:26;2025-11-02 17:17:03;2578;344;2026-09-02;2021-09;2021-11;3;432;irregular;1;Feature development:Other;Security patches:Other;Possibly a temporary pause between detection-rule updates.;Yes;Development resumed with updates to YARA detection rules.;Apkunpacker contributed all 10 sampled post-gap commits.;Active;Other:Feature development;The project had a 3-month inactivity gap. The first 10 subsequent commits updated YARA detection rules. This suggests continued security-tool maintenance, although the precise reason for the gap is unknown.
sebwouters_chemps2;771;10;2013-11-18 15:36:41;2025-07-15 18:53:34;73;38;2025-07-15;2022-04;2025-04;37;8;declining;5;Bug fixes:Dependency updates;Bug fixes:Dependency updates;"Possibly reduced maintenance after a stable release; exact cause unconfirmed.";Yes;Development resumed to address CMake and MPI build compatibility.;Sebastian Wouters returned, joined by Cristian Le and Eisuke Kawashima.;Active;Other:Feature development;The project experienced the longest gap at 37 months. Only 8 commits followed, mostly addressing build compatibility. Activity resumed but remained limited.
yixuan_spectra;999;42;2015-09-10 03:54:19;2025-08-26 09:33:36;866;139;2026-07-04;2017-07;2017-11;5;748;irregular;8;Documentation updates:Other;Bug fixes:Feature development;Possibly a pause following documentation and website maintenance.;Yes;Development resumed with compilation fixes, performance changes, and documentation.;Yixuan Qiu returned, alongside additional contributors.;Active;Feature development:Other;The project had a 5-month longest gap and 8 extended gaps. Subsequent commits fixed compilation problems and improved performance. Both returning and additional contributors participated.
